gene	logFC	AveExpr	t	P.Value	adj.P.Val	B
ESM1	2.04263383120305	6.209998625861594	8.251345014485151	4.521677185523005e-9	9.32460269198554e-5	9.380422404753318
