gene	logFC	AveExpr	t	P.Value	adj.P.Val	B
ESM1	-1.9988931641860566	6.241841369043554	-7.799172635102566	4.1903978270726906e-8	8.641438398989303e-4	6.73624494250109
