gene	logFC	AveExpr	t	P.Value	adj.P.Val	B
COL13A1	-0.839108040294656	5.605867763903844	-6.764751414872455	4.7377760701411406e-7	0.00488512090592253	4.689152703620223
CCDC3	-0.9617010672302637	7.557925747655852	-5.877776995778659	4.198724898908614e-6	0.028862034955097815	3.1871910724919665
MCAM	-0.9790769630972367	7.385278723256267	-5.710031533518353	6.400471279525572e-6	0.03299762968159409	2.8885347440640157
ITGA1	-1.0702731652041315	6.333400704503289	-5.591413394783676	8.635967799861303e-6	0.03561818559374795	2.674773245403779
ANGPT2	-1.4743488751738774	6.431799350837966	-5.402692114887589	1.3939972873455724e-5	0.04791168676606732	2.3305113608832144
ESM1	-2.8092959502957973	6.241841369043554	-10.127515209339771	2.9798578141282644e-10	6.1450627842953065e-6	9.133531179173017
