gene	logFC	AveExpr	t	P.Value	adj.P.Val	B
ESM1	1.9395034813668968	6.209998625861594	7.407380940661421	5.951803608189252e-8	0.0012273809400807874	7.289396188344221
