gene	logFC	AveExpr	t	P.Value	adj.P.Val	B
ESM1	2.581069072077103	6.209998625861594	9.888119016066545	1.9238099647812375e-10	3.967280909371868e-6	10.651450356540137
ANGPT2	1.0880316785001227	6.4015298858966645	5.33392055370989	1.2661510203890623e-5	0.03730080906066178	2.733283246065506
ITGA1	1.048528025967519	6.284530831719532	6.107164404480003	1.6364358678814514e-6	0.011248860155817096	4.317365340021475
MCAM	0.8674927301687649	7.347830732606056	5.636342013541282	5.6608607357469025e-6	0.019456378348762102	3.3617262165329294
CCDC3	0.852791337641035	7.503221798309169	5.760171659120976	4.07776668440814e-6	0.019456378348762102	3.6159357330196773
COL13A1	0.7741700845076327	5.582840211531732	6.289617209988282	1.0167517276937275e-6	0.010483727064250024	4.679207948826903
LOC401296	-0.32665552161224554	4.591871078858837	-5.638209962963599	5.63287599161622e-6	0.019456378348762102	3.3655751244166527
