pathway	pval	padj	log2err	ES	NES	size	leadingEdge
GOBP_BIOLOGICAL_PROCESS_INVOLVED_IN_INTERSPECIES_INTERACTION_BETWEEN_ORGANISMS	0.06763285024154589	0.13526570048309178	0.27128855468895297	0.3786020741425863	1.5417060042416857	16	
GOBP_DEFENSE_RESPONSE	0.006317775573146976	0.025271102292587905	0.40701791892395395	0.4269055597801208	1.7820955291743565	17	
GOBP_LOCOMOTION	0.5446880269814502	0.5446880269814502	0.06613262047584399	-0.23375126626757728	-0.9089436347326878	15	
GOBP_RESPONSE_TO_BACTERIUM	0.12469437652811736	0.16625916870415647	0.19782202131510335	0.33610912176690455	1.3408776548514034	15	
