pathway	pval	padj	log2err	ES	NES	size	leadingEdge
GOBP_BIOLOGICAL_PROCESS_INVOLVED_IN_INTERSPECIES_INTERACTION_BETWEEN_ORGANISMS	0.047074584956888425	0.09414916991377685	0.3217759180753611	0.3786020741425863	1.5831296198508629	16	
GOBP_DEFENSE_RESPONSE	0.025725227675569347	0.09414916991377685	0.35248785758361917	0.4269055597801208	1.8141219083763191	17	
GOBP_LOCOMOTION	0.5919055649241147	0.5919055649241147	0.06211241889494712	-0.23375126626757728	-0.89607417604146	15	
GOBP_RESPONSE_TO_BACTERIUM	0.13447432762836187	0.17929910350448247	0.19002330527910832	0.33610912176690455	1.360764761417507	15	
