gene	logFC	AveExpr	t	P.Value	adj.P.Val	B
ESM1	2.064173924175626	6.209998625861594	8.303476072866603	3.1720018881585026e-9	6.541302293760463e-5	9.442449958351977
