gene	logFC	AveExpr	t	P.Value	adj.P.Val	B
ESM1	2.692344929243455	6.209998625861594	11.267291419427321	3.128527761070246e-12	6.451649948879061e-8	13.427836346188826
ITGA1	1.0771466196032469	6.284530831719532	5.671298941855878	3.6617788442413097e-6	0.02185892363049942	3.710111362589684
MCAM	0.8939877985666858	7.347830732606056	5.627420330837809	4.13961953317388e-6	0.02185892363049942	3.6142799837912065
COL13A1	0.7771878691549636	5.582840211531732	5.6188590608798314	4.239923117156322e-6	0.02185892363049942	3.5955589237083814
KCNE5	-0.2902380366987902	5.4111132888363676	-5.251699252328779	1.186462069611681e-5	0.04893444159906417	2.7863279399899366
